query,clicks,impressions,ctr,position
wiederkehrende träume,1,14,0.07142857142857142,11.928571428571429
10 sueños de una persona,0,7,0,49.285714285714285
ability to fly in dreams,0,1,0,54
abraham lincoln precognitive dream,0,1,0,47
abstract dreams meaning,0,1,0,47
acqua limpida significato,0,2,0,15.5
actividad cerebral durante el sueño rem,0,3,0,81.33333333333333
actividad cerebral durante sueño rem,0,12,0,85.58333333333333
actividad cerebral rem,0,6,0,35.5
actividad cerebral sueño rem,0,24,0,57.25
actividad cerebral sueño rem grafico,0,1,0,97
actividad cerebral sueño rem gráfico,0,1,0,93
aesthetic dream journal,0,1,0,49
aggressive dog dream,0,1,0,14
aggressive dog dream symbolism,0,2,0,4
agua bajo el puente significado,0,1,0,31
agua en calma,0,1,0,94
an träume erinnern,0,1,0,84
analisis diario de la noche,0,1,0,18
ancient dream,0,5,0,36.2
ancient dream interpretation,0,25,0,39.64
ancient dream interpretation art,0,43,0,15.930232558139535
ancient dream interpretation illustration,0,8,0,82.5
ancient dream interpretation symbols,0,4,0,49.5
ancient dream symbol,0,4,0,75.5
ancient dreams,0,1,0,43
ancient egypt dream incubation temple,0,1,0,19
ancient egypt dream interpretation,0,13,0,23.923076923076923
ancient egypt dream interpretation art,0,13,0,17.23076923076923
ancient egypt dream interpretation scene,0,2,0,44.5
ancient egyptian dream incubation temple,0,1,0,25
ancient egyptian dream interpretation,0,13,0,39.46153846153846
ancient egyptian dream temple,0,2,0,21.5
ancient greek dream interpretation,0,11,0,37.54545454545455
ancient greek dream interpretation art,0,5,0,45.2
ancient greek dream temple,0,5,0,90.2
ancient greek palace bedroom,0,1,0,225
ancient mesopotamia night sky,0,39,0,65.28205128205128
ancient mesopotamia night sky illustration,0,1,0,29
ancient prophetic dream illustration,0,1,0,64
angry dog dream symbolism,0,1,0,5
antiguo sueño,0,1,0,65
antique dreams,0,1,0,75
anxiety dream teeth symbolism,0,3,0,71.66666666666667
anxiety dreams,0,1,0,10
anxiety teeth dream,0,1,0,75
app.reve,0,1,0,33
are precognitive dreams rare,0,1,0,24
artemidorus dream interpretation,0,1,0,70
artemidorus dreams,0,1,0,90
bad dreams and nightmares,0,1,0,238
bedeutung traum zähne fallen aus,0,1,0,49
beneficios de llevar un diario personal,0,1,0,138
bewertungsangst,0,3,0,58.666666666666664
brain activity light sleep illustration,0,1,0,97
brain activity rem sleep vivid dreams illustration,0,1,0,97
brain rem sleep vivid dreams illustration,0,2,0,85
cadieu dany 62,0,2,0,7
can dreams be premonitions,0,1,0,58
can dreams predict the future,0,4,0,65.25
can we record our dreams,0,1,0,91
cane,0,3,0,65.66666666666667
cane che morde sogno,0,1,0,6
cane significato simbolico,0,3,0,30
canicule la nuit,0,1,0,58
canicule la nuit que faire,0,1,0,45
canicule nuit,0,5,0,44
canicule sommeil,0,1,0,79
cat sleep paralysis,0,1,0,106
celestial dreamer meaning,0,2,0,17.5
celestial dreams meaning,0,2,0,39.5
cerebro actividad sueño rem,0,1,0,52
cerebro activo durante sueño rem grafico,0,1,0,73
cerebro activo durante sueño rem gráfico,0,1,0,76
cerebro activo sueño rem grafico,0,1,0,92
chaleur la nuit,0,1,0,89
chaleur nuit,0,1,0,54
che cos'è un sogno lucido,0,2,0,19
chester beatty dream book,0,2,0,52.5
chester beatty dream book papyrus,0,1,0,88
chester beatty papyrus dream book,0,1,0,71
color violeta,0,1,0,12
come sognare la notte,0,2,0,9
comment faire un rêve lucide en une nuit,0,1,0,48
comment rever,0,1,0,40
comment se souvenir de ses rêves,0,1,0,47
como acordarse de un sueño,0,3,0,17
como controlar un sueño lucido,0,1,0,38
como despertar de un sueño lucido,0,1,0,42
como funcionan los sueños en el cerebro,0,1,0,102
como provocar un sueño lucido,0,1,0,44
como recordar los sueños,0,1,0,60
como recordar un sueño,0,1,0,74
como se siente la paralisis del sueño,0,1,0,20
como soñar con dark fantasy,0,1,0,31
como soñar lo que quieras,0,1,0,38
como soñar lucido,0,1,0,53
como tener sueños premonitorios,0,9,0,47.44444444444444
como tener un sueño lucido,0,1,0,81
como tener un sueño lucido esta misma noche,0,4,0,34.25
como tener un sueño lucido hoy mismo,0,1,0,49
control de los sueños,0,1,0,48
cool dreams,0,1,0,20
cosa significa sognare cani,0,1,0,5
cosa significa sognare che un cane ti morde,0,1,0,3
cosa significa sognare il fuoco,0,1,0,9
cosa significa sognare un cane che ti morde,0,1,0,5
cosa significa sognare un incendio,0,1,0,6
cosa vuol dire sognare un cane,0,2,0,9
cosa è un sogno lucido,0,1,0,38
crumbling teeth dream symbolism,0,1,0,87
cryptic symbolism in my dreams,0,11,0,67.0909090909091
cuales son los sueños lucidos,0,1,0,72
cuanto dura un sueño lucido,0,1,0,18
death dream symbolic transformation,0,20,0,42.9
death dream symbolism,0,9,0,43.55555555555556
death dreams,0,1,0,16
death interpretation,0,2,0,55.5
death symbolism transformation,0,1,0,42
decaer significado,0,1,0,62
deep sleep environment calm bedroom,0,1,0,97
deep sleep illustration brain calm,0,1,0,60
deep sleep night bedroom calm environment,0,2,0,67.5
deep sleep night calm environment,0,1,0,50
deep sleep night environment,0,1,0,26
deep sleep peaceful environment,0,1,0,53
deep sleep relaxing environment,0,2,0,21
deep thinker journaling night aesthetic,0,1,0,18
demonios de paralisis del sueño,0,1,0,57
dent qui tombe reve signification,0,1,0,30
dent qui tombe rêve illustration,0,41,0,60.048780487804876
dents qui tombent reve,0,2,0,57.5
dents qui tombent reve signification,0,4,0,77.5
dents qui tombent rêve illustration,0,10,0,50.1
des reves,0,1,0,54
despertar de un sueño,0,2,0,88
diario de sueños,0,23,0,73.73913043478261
diario de sueños cuaderno noche,0,16,0,56.125
diario de sueños,0,11,0,81.27272727272727
diario dei sogni,0,1,0,79
diario escribir pensamientos noche,0,7,0,23.285714285714285
diario onirico,0,3,0,33
dictionary meaning book,0,2,0,29
dild lucid dreaming meaning,0,1,0,92
divampare significato,0,1,0,9
do dreams predict future,0,1,0,80
dog attack dream meaning,0,2,0,27
dog attack in dream meaning,0,1,0,41
dog bite dream symbolic illustration,0,1,0,12
dog bite dream symbolism,0,2,0,21
dog bite dream symbolism illustration,0,1,0,24
dog dream,0,1,0,41
dog dream meaning friendly dog,0,1,0,2
dog dream symbolism,0,2,0,5
dog in dream meaning,0,3,0,27.333333333333332
dog in dream symbolism,0,1,0,4
dog symbolism in dreams,0,1,0,21
dogs attack in dream,0,1,0,14
dogs in dream meaning,0,1,0,38
door dream,0,1,0,35
door dream meaning,0,1,0,41
door of dream,0,1,0,74
door opening light symbolic,0,1,0,76
door opening light symbolism,0,2,0,83.5
doorway dream meaning,0,1,0,21
dream,0,21,0,24.476190476190474
dream about death symbolic art,0,1,0,10
dream about death symbolism,0,5,0,69.4
dream about doors,0,1,0,29
dream about falling from height,0,1,0,75
dream about own death meaning,0,1,0,55
dream about pregnancy meaning,0,1,0,99
dream about teeth falling out symbolism,0,1,0,83
dream about the future,0,1,0,68
dream analysis art,0,4,0,37
dream analysis concept art,0,5,0,19.2
dream astrology,0,1,0,92
dream book app,0,1,0,57
dream companion app interface,0,3,0,15.666666666666666
dream control surreal art,0,7,0,64.42857142857143
dream control surreal landscape,0,90,0,32.53333333333333
dream control surreal landscape lucid dream,0,9,0,2.5555555555555554
dream death symbolism,0,2,0,41.5
dream decoding,0,1,0,66
dream dictionary app interface,0,1,0,79
dream divyne erome,0,9,0,30.555555555555557
dream door,0,1,0,89
dream falling from height,0,2,0,65
dream falling sensation,0,1,0,95
dream fantasy meaning,0,6,0,30.166666666666668
dream flying,0,1,0,87
dream flying freedom,0,1,0,99
dream flying sky,0,3,0,76
dream flying sky freedom,0,9,0,31.555555555555557
dream flying sky surreal,0,2,0,77
dream flying symbolism,0,1,0,94
dream giving birth symbolism,0,6,0,68.16666666666667
dream history,0,2,0,34
dream imagery,0,30,0,30.933333333333334
dream incubation ancient egypt,0,2,0,42
dream incubation ancient greece,0,1,0,85
dream interpretation,0,18,0,20.22222222222222
dream interpretation ancient egypt,0,13,0,21.692307692307693
dream interpretation concept,0,65,0,10.692307692307692
dream interpretation concept art,0,2,0,5
dream interpretation death,0,1,0,40
dream interpretation death symbolism,0,3,0,84.66666666666667
dream interpretation dog attack,0,1,0,40
dream interpretation falling from height,0,1,0,75
dream interpretation flying,0,2,0,71.5
dream interpretation giving birth meaning,0,1,0,93
dream interpretation pregnancy,0,2,0,96
dream interpretation pregnancy concept,0,3,0,23.666666666666668
dream interpretation pregnancy meaning,0,1,0,87
dream interpretation pregnancy symbol,0,1,0,51
dream interpretation pregnancy symbolism,0,26,0,70
dream interpretation teeth falling,0,3,0,96.66666666666667
dream interpretation teeth falling out,0,2,0,93.5
dream interpretation teeth falling out symbolism,0,4,0,85.75
dream interpreter,0,3,0,28
dream interpreters,0,4,0,18
dream journal,0,2,0,128.5
dream journal aesthetic night,0,8,0,63
dream journal ai,0,1,0,80
dream journal app ui,0,7,0,86.71428571428571
dream journal bedside,0,112,0,62.17857142857143
dream journal bedside night,0,20,0,45.05
dream journal bedside notebook,0,53,0,67.98113207547169
dream journal bedside notebook night,0,14,0,36.42857142857143
dream journal bedside notebook pen,0,6,0,18.666666666666668
dream journal beside bed,0,3,0,16
dream journal notebook bedside,0,254,0,63.71653543307087
dream journal notebook bedside morning writing,0,3,0,56
dream journal notebook bedside morning writing dreams,0,2,0,67
dream journal notebook bedside night,0,23,0,54
dream journal notebook bedside table,0,4,0,64.5
dream journal notebook bedside writing dreams,0,19,0,61.05263157894737
dream journal notebook bedside writing dreams morning,0,3,0,76.33333333333333
dream journal notebook bedside writing morning,0,4,0,74.75
dream journal notebook by bed,0,1,0,38
dream journal notebook night,0,57,0,73.0701754385965
dream journal notebook night aesthetic,0,3,0,63.333333333333336
dream journal notebook night bedside,0,4,0,44.25
dream journal notebook on bedside table,0,10,0,37.7
dream journal on bedside table,0,9,0,41.666666666666664
dream journal writing bedside,0,12,0,31
dream journal writing night,0,50,0,60.96
dream journaling,0,1,0,69
dream journaling benefits,0,1,0,81
dream journaling notebook bedside,0,13,0,57.23076923076923
dream journey release date,0,1,0,88
dream like state,0,2,0,90.5
dream losing teeth symbolic,0,1,0,67
dream losing teeth symbolic illustration,0,1,0,79
dream me app,0,3,0,36
dream meaning falling,0,1,0,79
dream motif,0,1,0,139
dream of flying,0,4,0,93.25
dream of flying high,0,1,0,75
dream of flying high in the sky,0,1,0,53
dream of flying in the sky,0,1,0,77
dream of giving birth,0,1,0,100
dream photo,0,2,0,68
dream predicting future,0,2,0,73
dream pregnancy meaning,0,1,0,98
dream pregnancy symbolic art,0,1,0,8
dream pregnancy symbolism,0,10,0,69.3
dream pregnancy symbolism art,0,1,0,2
dream pregnant,0,1,0,54
dream recall journal,0,1,0,81
dream recording app,0,1,0,45
dream space meaning,0,1,0,63
dream symbolism art,0,318,0,38.85220125786164
dream symbolism death transformation,0,7,0,42.57142857142857
dream symbolism pregnancy,0,6,0,77.66666666666667
dream symbolism teeth falling out,0,3,0,96.66666666666667
dream talk recorder app screenshots,0,5,0,64.6
dream teeth falling out surreal,0,2,0,57.5
dream teeth falling out symbolism,0,4,0,90.75
dream teeth falling symbolic,0,1,0,83
dream teeth falling symbolism,0,8,0,80.75
dream temple,0,1,0,84
dream temples,0,2,0,19
dream theme,0,1,0,10
dream tooth falling symbolism,0,1,0,95
dream you can fly meaning,0,1,0,50
dream-like state,0,1,0,94
dreamapp dream interpretation app interface,0,1,0,53
dreame novel reading app interface,0,3,0,70.66666666666667
dreamer,0,1,0,27
dreaming,0,7,0,27.857142857142858
dreaming all night,0,1,0,29
dreaming at work,0,1,0,102
dreaming fly,0,1,0,48
dreaming history,0,1,0,10
dreaming images,0,1,0,12
dreaming night,0,2,0,85.5
dreaming of her,0,4,0,29
dreaming of own death meaning,0,1,0,61
dreaming temple,0,1,0,29
dreaming that you're pregnant meaning,0,1,0,78
dreamjourney ai,0,1,0,55
dreamjourney ai app,0,1,0,83
dreams,0,25,0,28.12
dreams about death,0,1,0,84
dreams about your own death,0,1,0,70
dreams and interpretation,0,1,0,68
dreams dream,0,2,0,14.5
dreams flying,0,5,0,75
dreams imagery,0,3,0,81.66666666666667
dreams in ancient egypt,0,1,0,54
dreams in ancient greece,0,2,0,46.5
dreams in history,0,1,0,13
dreams of death,0,2,0,86.5
dreams of giving birth when not pregnant,0,1,0,48
dreams of giving birth when not pregnant spiritual meaning,0,4,0,42.5
dreams picture,0,1,0,12
dreams that predict pregnancy,0,1,0,13
dreams that symbolize death,0,1,0,36
dreams your pregnant,0,1,0,69
dying dream,0,2,0,62.5
early dream,0,1,0,5
egyptian dream,0,1,0,66
egyptian dream book papyrus chester beatty,0,2,0,76.5
egyptian dream interpretation,0,3,0,28.666666666666668
egyptian dream interpretation papyrus,0,2,0,71.5
egyptian dreams,0,1,0,74
el antiguo sueño,0,1,0,61
el mundo de los sueños,0,2,0,18
el significado de persecución,0,2,0,39
el sueño del agua,0,3,0,23
el templo de los sueños,0,1,0,31
en los sueños,0,2,0,32
erazahan,0,1,0,3
escribir diario antes de dormir,0,8,0,72.75
escribir diario personal noche,0,53,0,33.528301886792455
escribir diario reflexion noche,0,1,0,40
espiritos,0,1,0,29
est ce que les reves ont une signification,0,1,0,25
exam anxiety dream,0,6,0,43.333333333333336
explication des reves,0,1,0,63
explication des rêves,0,2,0,44.5
falling dream,0,5,0,87.4
falling dreams,0,1,0,51
falling from height dream,0,4,0,83.25
falling sensation dream,0,1,0,98
fallträume,0,1,0,17
fallträume bedeutung,0,1,0,7
fantasy dream meaning,0,1,0,23
fase rem cerebro actividad,0,1,0,91
fase rem cerebro actividad sueño,0,5,0,89.8
fly by night meaning,0,1,0,60
fly in the sky meaning,0,1,0,46
fly over the sky meaning,0,1,0,13
fly-by-night meaning,0,1,0,91
flying dream,0,6,0,98.33333333333333
flying dream freedom,0,3,0,66
flying dream freedom sky,0,32,0,24.5
flying dream freedom sky person,0,11,0,56.45454545454545
flying dream freedom sky surreal,0,12,0,77.41666666666667
flying dream meaning,0,2,0,81.5
flying dream sky,0,16,0,46.3125
flying dream sky freedom,0,50,0,36.62
flying dream surreal sky,0,1,0,82
flying dream symbolism,0,3,0,83.33333333333333
flying dreams,0,8,0,65.375
flying dreams meaning,0,2,0,65.5
flying in dream sky,0,3,0,86.66666666666667
flying in dream sky freedom,0,19,0,43.94736842105263
flying in dreams,0,4,0,97
flying in my dreams meaning,0,1,0,95
flying in sky dream,0,1,0,95
flying in sky dream meaning,0,4,0,62
flying in the sky meaning,0,3,0,30.333333333333332
flying in your dream,0,1,0,70
flying in your dreams,0,1,0,100
flyingdreams,0,1,0,77
forget dream,0,1,0,122
forget dreams when i wake up,0,1,0,96
freedom dream flying,0,10,0,55.8
freedom flying dream art,0,4,0,62.5
friendly dog dream,0,1,0,1
friendly dog dream meaning,0,2,0,4.5
friendly dog dream symbolism,0,3,0,1
fuego en sueño,0,1,0,72
giving birth dream,0,1,0,83
giving birth dream interpretation,0,1,0,82
giving birth dream meaning,0,4,0,84
giving birth dream symbolism,0,4,0,60.5
giving birth in a dream,0,1,0,97
good night images dogs,0,1,0,149
greek dream interpretation,0,1,0,35
grief dream symbolism,0,11,0,83.18181818181819
growth dream,0,1,0,21
guia de los sueños,0,1,0,109
guia de los sueños diaria,0,1,0,59
guia de sueños diaria,0,1,0,33
guia sueños diaria,0,2,0,47
haben träume eine bedeutung,0,1,0,93
heavily pregnant meaning,0,4,0,54
high flying meaning,0,1,0,90
high-flying meaning,0,1,0,72
hilo dibujos de paralisis del sueño,0,1,0,46
histoire de reve,0,2,0,22.5
historical interpretation concept,0,24,0,49
history dream,0,1,0,9
history interpretation concept,0,6,0,43.333333333333336
history of dream interpretation,0,3,0,16.666666666666664
ho sognato il mio cane morto,0,2,0,26.5
hospital anime,0,2,0,335.5
how do dreams work,0,1,0,100
how does dream work,0,1,0,78
how does lucid dreaming work,0,3,0,96
how long do lucid dreams last,0,2,0,46.5
how long does a lucid dream last,0,1,0,43
how long does it take to lucid dream,0,1,0,67
how lucid dreaming works,0,1,0,85
how many people have precognitive dreams,0,1,0,14
how to forget a dream,0,2,0,62
how to start remembering dreams,0,1,0,79
huir,0,1,0,65
i had a dream my son died what does this mean,0,1,0,61
i sogni,0,1,0,20
i sogni possono prevedere il futuro,0,2,0,4.5
i sogni premonitori dopo quanto tempo si avverano,0,1,0,17
ibn sirin dream interpretation teeth,0,1,0,79
il sogno lucido,0,1,0,97
image de l ame,0,2,0,26.5
image de rêve,0,1,0,49
image deuil chien,0,2,0,45
imagen de estar en el hospital,0,1,0,333
imagen de puertas abiertas,0,1,0,48
imagenes de lobos,0,1,0,100
imagenes de los sueños,0,1,0,67
imagenes de recuerdos bonitos,0,1,0,48
imagenes de sueños,0,1,0,36
imagenes nocturnas bellas,0,3,0,28.666666666666668
images de rêves,0,1,0,25
images that represent dreams,0,10,0,27.9
immagini sogno,0,1,0,24
immagini sui sogni,0,1,0,14
immer wieder der gleiche traum,0,1,0,17
immer wiederkehrende träume,0,3,0,16
improve the dream,0,3,0,65.33333333333333
imágenes de lobos,0,1,0,74
incubacion de sueños,0,1,0,12
incubación de sueños,0,2,0,12
interpret dream,0,1,0,35
interpretacion de los sueños,0,18,0,77.11111111111111
interpretacion de los sueños mesopotamia,0,1,0,7
interpretacion de sueños,0,27,0,46.22222222222222
interpretacion onirica,0,1,0,35
interpretacion sueños,0,1,0,31
interpretación de sueños,0,7,0,58.285714285714285
interpretación de sueños,0,1,0,96
interpretar sueños,0,1,0,69
interpretation des reves,0,3,0,66.33333333333333
interpretation des reves signification,0,1,0,24
interpretation of dream,0,2,0,68.5
interprétation des rêves,0,5,0,80
interprétation des rêves signification,0,1,0,42
inunde significado,0,1,0,25
inundó significado,0,1,0,62
is lucid dreaming demonic in the bible,0,1,0,92
is precognitive dreams rare,0,1,0,14
journal and pen on bedside table,0,3,0,58.333333333333336
journal de reve,0,3,0,47.333333333333336
journal de reves,0,1,0,69
journal de rêves,0,4,0,43.75
journal des reves,0,1,0,58
journaling before sleep notebook bedside,0,2,0,62
journaling before sleep notebook pen,0,9,0,98
journaling dreams,0,1,0,73
klartraum,0,4,0,88
klarträume,0,1,0,89
klarträumen,0,2,0,43
klarträumen für anfänger,0,2,0,14.5
la parca muerte,0,1,0,73
la scienza dei sogni,0,4,0,45
la tabla de los sueños,0,1,0,116
lectura de sueños,0,5,0,17.4
les eaux calmes sont profondes signification,0,1,0,16
les reves et leurs signification,0,1,0,23
les rêves,0,1,0,48
life dreams,0,1,0,18
limpide signification,0,1,0,38
lobo en bosque nocturno,0,1,0,81
lobos,0,1,0,54
lobos significato,0,1,0,18
loose teeth dream symbolism,0,3,0,68.66666666666667
loose tooth dream symbolism,0,1,0,59
los sueños,0,1,0,50
los sueños lucidos son reales,0,1,0,65
los sueños predicen el futuro,0,2,0,33
los sueños pueden predecir el futuro,0,4,0,31
los sueños realmente significan algo,0,1,0,37
losing teeth dream symbolic art,0,1,0,66
losing teeth dream symbolism,0,3,0,88
losing teeth dream symbolism art,0,1,0,92
lucid dream,0,8,0,36.25
lucid dream art surreal landscape,0,1,0,95
lucid dream control,0,2,0,83.5
lucid dream control environment surreal,0,41,0,5.804878048780488
lucid dream control environment surreal landscape,0,9,0,9.777777777777779
lucid dream control environment visualization,0,5,0,56.2
lucid dream control flying dream visualization,0,5,0,64.4
lucid dream control surreal landscape,0,27,0,6.2592592592592595
lucid dream control visualization,0,15,0,45.8
lucid dream examples,0,1,0,53
lucid dream flying above clouds,0,4,0,32.25
lucid dream flying feeling,0,4,0,47.75
lucid dream flying feeling freedom,0,12,0,43.833333333333336
lucid dream flying meaning,0,1,0,33
lucid dream flying over landscape,0,3,0,65
lucid dream flying sensation,0,1,0,19
lucid dream flying sky,0,36,0,33.75
lucid dream flying sky clouds,0,3,0,27
lucid dream flying sky freedom,0,1,0,1
lucid dream flying sky surreal,0,2,0,39
lucid dream flying surreal art,0,1,0,40
lucid dream flying visualization,0,3,0,5.333333333333333
lucid dream hands rubbing stabilization,0,7,0,33.714285714285715
lucid dream hands rubbing stabilization technique,0,7,0,34.285714285714285
lucid dream journal bedside,0,6,0,47.166666666666664
lucid dream landscape,0,16,0,61.375
lucid dream landscape surreal,0,16,0,46
lucid dream rubbing hands stabilization,0,17,0,30.529411764705884
lucid dream rubbing hands stabilization technique,0,9,0,28.333333333333332
lucid dream sleep,0,1,0,8
lucid dream spinning stabilization technique,0,1,0,20
lucid dream spinning technique,0,8,0,58.375
lucid dream spinning technique stabilization,0,3,0,37.333333333333336
lucid dream spinning technique stabilize dream,0,1,0,21
lucid dream stabilization,0,1,0,36
lucid dream stabilization hands rubbing,0,1,0,32
lucid dream stabilization rubbing hands,0,13,0,38.15384615384615
lucid dream stabilization techniques,0,5,0,30.2
lucid dream stabilization techniques rubbing hands spinning,0,1,0,21
lucid dream suomeksi,0,1,0,44
lucid dream surreal,0,15,0,75.93333333333334
lucid dream surreal environment,0,8,0,47.625
lucid dream surreal landscape,0,453,0,52.090507726269315
lucid dream surreal landscape art,0,1,0,70
lucid dream surreal landscape control,0,9,0,5.555555555555555
lucid dream visualization art,0,1,0,97
lucid dream visualization surreal,0,23,0,41.78260869565217
lucid dream visualization surreal landscape,0,17,0,20.529411764705884
lucid dream wallpaper,0,1,0,12
lucid dreaming,0,2,0,55.5
lucid dreaming art surreal,0,1,0,97
lucid dreaming artistic visualization,0,1,0,49
lucid dreaming awareness inside dream visualization,0,1,0,55
lucid dreaming concept,0,2,0,10.5
lucid dreaming control dream,0,4,0,89.5
lucid dreaming control dream art,0,11,0,80.36363636363636
lucid dreaming control dream flying,0,2,0,63
lucid dreaming control dream scene,0,3,0,59.666666666666664
lucid dreaming control dream visualization,0,5,0,59.6
lucid dreaming control environment,0,6,0,41.833333333333336
lucid dreaming control environment surreal,0,20,0,8.6
lucid dreaming control flying dream,0,3,0,63
lucid dreaming control flying dream art,0,7,0,70
lucid dreaming control scene,0,1,0,73
lucid dreaming dild,0,1,0,73
lucid dreaming flying sensation,0,1,0,22
lucid dreaming induction techniques mild wbtb,0,1,0,88
lucid dreaming journal bedside,0,23,0,39.82608695652174
lucid dreaming reality check techniques,0,3,0,44.666666666666664
lucid dreaming reality checks examples,0,3,0,39.333333333333336
lucid dreaming stabilization techniques,0,1,0,51
lucid dreaming surreal,0,33,0,63.303030303030305
lucid dreaming surreal art,0,1,0,84
lucid dreaming surreal dream art,0,5,0,85.4
lucid dreaming surreal dream landscape,0,41,0,20.24390243902439
lucid dreaming surreal environment,0,3,0,36
lucid dreaming surreal floating person,0,1,0,25
lucid dreaming surreal landscape,0,335,0,34.81492537313433
lucid dreaming surreal landscape art,0,17,0,68.47058823529412
lucid dreaming surreal landscape floating person,0,4,0,24
lucid dreaming surreal landscape person aware dreaming,0,8,0,51.875
lucid dreaming techniques reality checks mild wild,0,2,0,25.5
lucid dreaming visualization surreal,0,33,0,28.333333333333332
lucid dreaming visualization surreal landscape,0,22,0,18.40909090909091
lucid dreaming คือ,0,1,0,39
lucid dreams images,0,1,0,42
lucid dreams pregnancy,0,1,0,93
lucid dreams wallpaper,0,1,0,72
lucid flying dream,0,1,0,7
lucidos,0,3,0,59.333333333333336
lucidos que es,0,1,0,48
luzide träume,0,1,0,287
lúcidos,0,2,0,47
l’interprétation des rêves,0,1,0,90
magical dreams,0,1,0,6
man dreaming of a woman,0,2,0,1
meaning of a dog in a dream,0,1,0,25
meaning of dreams giving birth,0,1,0,83
meaning of flying in dreams,0,1,0,82
meaning of vivid dreams,0,1,0,41
meilleur site interprétation des rêves,0,1,0,24
meme j ai reve de toi,0,1,0,5
memoria onirica,0,1,0,40
mesopotamian dream interpretation tablet,0,2,0,58
miedo a ser perseguido,0,5,0,46.2
most ancient dream,0,1,0,61
musica e sogno,0,1,0,24
mystery of dreams,0,1,0,14
mystical dream symbolism,0,38,0,65.71052631578948
night calore,0,1,0,8
night dream concept,0,24,0,66.41666666666667
night dream interpretation,0,3,0,9.333333333333334
night dream symbolism,0,1,0,16
night dreaming,0,1,0,94
night is falling meaning,0,1,0,8
night journaling notebook bedside,0,3,0,57.333333333333336
night journaling notebook pen,0,1,0,95
night journaling notebook pen bedside,0,1,0,19
night journaling notebook pen desk,0,1,0,93
night sky dream concept,0,8,0,94.875
nightmare bad dream,0,2,0,131.5
nightmare meaning,0,8,0,82.375
nightwithdream,0,12,0,4.5
noche calor,0,3,0,51.666666666666664
noches calurosas,0,3,0,47.333333333333336
noctalia,0,15,0,71.4
noctalia app launcher,0,1,0,23
noctalia blur,0,4,0,27
noctalia de,0,2,0,13
noctalia templates,0,1,0,23
noctalia theme,0,3,0,57.333333333333336
noctalia themes,0,1,0,36
noctalia v5,0,2,0,49
noctalia wallpaper,0,1,0,82
notte calda,0,7,0,70.28571428571429
notte di calore,0,5,0,9.2
notti calde,0,1,0,83
nuit caniculaire,0,2,0,75
nuit canicule,0,6,0,52.666666666666664
nuit chaleur,0,2,0,34.5
nuit de reve,0,1,0,83
nuits de reve,0,1,0,90
nuits des reves,0,2,0,15
oceano profundo simbolismo emocional,0,2,0,8.5
oceano significado,0,1,0,83
oniri dream journal app,0,5,0,86.4
oniri dream journal app interface,0,1,0,79
onirica significato,0,1,0,41
open door light symbolic,0,1,0,46
open door light symbolism,0,5,0,72
our dream ai anime,0,1,0,87
papyrus chester beatty iii dream book,0,1,0,77
para que sirven los sueños lucidos,0,1,0,77
paralisis de sueño que es,0,1,0,30
paralisis de sueños,0,1,0,116
paralisis del sueño sombra habitacion noche,0,3,0,79.66666666666667
paralisis del sueño,0,3,0,24.333333333333332
paralisis del sueño cuadro,0,1,0,100
paralisis del sueño sombras,0,1,0,75
paralisis nocturna,0,4,0,29.25
parálisis de sueño,0,1,0,75
pasos para tener un sueño lucido,0,1,0,93
pays des reves,0,1,0,7
perdre dent reve signification,0,2,0,49
persecución significado,0,11,0,33.90909090909091
persecusion significado,0,1,0,27
perseguido significado,0,7,0,20.428571428571427
perseguidos significado,0,3,0,20.666666666666668
person controlling dream flying,0,2,0,26
person controlling dream flying lucid dream art,0,1,0,28
person controlling dream flying night sky,0,3,0,2.333333333333333
person controlling dream flying sky,0,8,0,30
person controlling dream flying sky surreal,0,1,0,27
person dreaming illustration rem sleep,0,1,0,75
person dreaming rem sleep art,0,10,0,66.8
person dreaming vivid sleep,0,1,0,52
person dreaming vivid sleep illustration,0,2,0,72
person falling asleep dreamlike visuals,0,1,0,17
person falling from height dream,0,1,0,81
person falling from height dream symbolism,0,2,0,84
person flying dream sky freedom,0,5,0,57
person flying in dream sky vivid,0,2,0,29.5
person flying in sky dream symbolism,0,3,0,37.666666666666664
person having vivid dream illustration,0,2,0,43.5
person having vivid dreams illustration,0,3,0,80
person journaling dreams at night,0,1,0,15
person sleeping dreaming brain activity illustration,0,1,0,88
person sleeping dreaming illustration brain activity,0,1,0,57
person sleeping vivid dream illustration,0,9,0,66.22222222222223
person sleeping vivid dreams illustration,0,5,0,70.8
person writing dream journal,0,4,0,95.75
person writing dream journal at night,0,46,0,48.23913043478261
person writing dream journal night,0,19,0,43.10526315789474
persona che sogna,0,1,0,36
persona escribiendo diario de sueños,0,29,0,22.03448275862069
persona escribiendo diario espiritual noche,0,2,0,15
persona escribiendo diario noche luz tenue,0,2,0,28.5
persona escribiendo sueños al despertar,0,14,0,18.571428571428573
persona volando en sueño lúcido,0,1,0,20
personne dormant paisiblement,0,8,0,94.5
pesadilla significado,0,1,0,25
por las noches la sueño,0,1,0,83
por porque olvidamos los sueños al despertar,0,1,0,38
porque olvidamos los sueños,0,1,0,98
porque olvidamos los sueños al despertar,0,1,0,45
porque tengo sueños premonitorios,0,1,0,44
porte ouverte lumière symbolique,0,1,0,19
pourquoi on oublie les reves,0,2,0,44
power lucid dreaming,0,3,0,98.33333333333333
precognition dreams,0,2,0,78.5
precognitive,0,3,0,80.33333333333333
precognitive dream,0,13,0,42.69230769230769
precognitive dream illustration,0,5,0,52.4
precognitive dreaming,0,1,0,78
precognitive dreams,0,13,0,62.30769230769231
precognitive dreams illustration,0,5,0,69.8
precognitive dreams meaning,0,1,0,44
precognizione,0,2,0,40.5
predicciones de sueños,0,1,0,24
predictive dream,0,1,0,94
predictive dreams,0,2,0,45
pregnancy dream,0,1,0,96
pregnancy dream illustration,0,2,0,89.5
pregnancy dream meaning illustration,0,3,0,18.333333333333332
pregnancy dream meaning symbolism,0,2,0,76.5
pregnancy dream symbolic art,0,18,0,3.6666666666666665
pregnancy dream symbolic illustration,0,5,0,6.2
pregnancy dream symbolism,0,83,0,63.28915662650602
pregnancy dream symbolism art,0,11,0,2.3636363636363633
pregnancy dream symbolism illustration,0,16,0,10
pregnancy dream symbolism meaning,0,1,0,50
pregnancy dream symbolism new beginnings,0,10,0,27
pregnancy dreams meaning,0,3,0,62.333333333333336
pregnancy dreams meanings,0,1,0,58
pregnancy dreams symbolism,0,2,0,58
pregnancy dreams when not pregnant,0,2,0,39
pregnancy in islam,0,2,0,22
pregnancy spiritual symbolism,0,4,0,41.75
pregnancy symbolic art dream,0,1,0,7
pregnancy symbolic dream art,0,2,0,3
pregnancy symbolic dream illustration,0,7,0,13.428571428571429
pregnancy symbolic dream soft light,0,3,0,3.3333333333333335
pregnancy symbolism,0,3,0,47
pregnancy symbolism dream,0,4,0,77
pregnancy vivid dreams illustration,0,8,0,23
pregnant dream,0,3,0,89.66666666666667
pregnant dream symbolism,0,2,0,76
pregnant dreams ai,0,6,0,11.166666666666666
pregnant means,0,1,0,382
pregnant silhouette symbolic dream,0,12,0,31
pregnant woman dream symbolic art,0,4,0,10.25
pregnant woman dream symbolism,0,8,0,34.625
pregnant woman silhouette dream symbolism,0,10,0,62.3
pregnant woman silhouette symbolic dream,0,17,0,77.17647058823529
pregnant woman symbolic dream art,0,6,0,11.666666666666666
pregnant woman vivid dreams illustration,0,1,0,33
premoniciones en sueños,0,2,0,43
premonition dream,0,1,0,49
premonition dreams,0,3,0,59
premonitorio,0,17,0,19.647058823529413
premonitory dreams,0,1,0,57
presentimenti che si avverano,0,1,0,16
prophetic dream,0,5,0,92.2
prophetic dream art,0,7,0,67.14285714285714
prophetic dream concept art,0,5,0,14
prophetic dream interpretation,0,1,0,86
prophetic dream symbolic art,0,2,0,16
prophetic dream symbolism art,0,1,0,18
prophetic dream symbols,0,1,0,29
präkognitive träume,0,1,0,54
psychologie träume,0,1,0,100
pueden los sueños predecir el futuro,0,1,0,34
puente significado espiritual,0,1,0,56
puppy dream,0,1,0,32
puppy dream meaning,0,1,0,27
puppy significado en español,0,1,0,43
puppy signification,0,1,0,32
que es lucido,0,1,0,90
que es lucidos,0,1,0,45
que es noctalia,0,3,0,11.666666666666666
que es sueño lucido,0,1,0,100
que es un diario de sueños,0,1,0,50
que es un lucido,0,1,0,17
que es un sueño lúcido,0,1,0,80
que es un sueño premonitorio,0,2,0,52
que es una premonición en un sueño,0,4,0,49.25
que numero es la inundacion en los sueños,0,1,0,14
que significa caer,0,1,0,93
que significa perseguido,0,1,0,25
que significa soñar al diablo,0,1,0,78
que significa soñar con agua e inundaciones,0,1,0,34
que significa soñar con aguas profundas,0,3,0,19.333333333333332
que significa soñar con huir de una inundación,0,1,0,40
que significa soñar con inundacion,0,2,0,59
que significa soñar con inundacion de agua,0,5,0,42.2
que significa soñar con inundaciones de agua,0,1,0,17
que significa soñar con inundaciones de agua de mar,0,1,0,8
que significa soñar con lagos de agua limpia,0,1,0,96
que significa soñar con levitar,0,1,0,26
que significa soñar con lluvia e inundacion,0,1,0,42
que significa soñar con lluvias e inundaciones,0,1,0,31
que significa soñar con lobos,0,3,0,38.333333333333336
que significa soñar con lobos que te atacan,0,1,0,34
que significa soñar con lobos que te quieren atacar,0,1,0,38
que significa soñar con lobos según la biblia,0,2,0,37.5
que significa soñar con muchas puertas,0,2,0,9
que significa soñar con puentes rotos,0,1,0,3
que significa soñar con puertas cerradas,0,1,0,11
que significa soñar con su propia muerte,0,1,0,45
que significa soñar con tu propia muerte,0,1,0,58
que significa soñar con un cielo estrellado,0,1,0,86
que significa soñar con un diluvio de agua,0,3,0,23.666666666666668
que significa soñar con un diluvio de agua limpia,0,1,0,30
que significa soñar con un puente,0,2,0,24
que significa soñar con un puente en construccion,0,1,0,22
que significa soñar con un puente peligroso,0,1,0,3
que significa soñar con un puente roto,0,2,0,3
que significa soñar con un puente y no poder cruzar,0,1,0,6
que significa soñar con una casa llena de agua,0,1,0,34
que significa soñar con una inundacion,0,1,0,42
que significa soñar con una inundacion de agua limpia,0,1,0,34
que significa soñar con una inundación grande,0,1,0,52
que significa soñar muchos sueños en una noche,0,1,0,47
que significa soñar q vuelas en el aire,0,1,0,43
que significa soñar que el mar se desborda,0,1,0,28
que significa soñar que estoy flotando en el aire,0,1,0,40
que significa soñar que levitas en el aire,0,2,0,2.5
que significa soñar que repruebas un examen,0,2,0,5.5
que significa soñar que se inunda tu casa,0,1,0,39
que significa soñar que se inunda tu casa con agua limpia,0,1,0,29
que significa soñar que te atacan lobos,0,1,0,21
que significa soñar que te caes de un puente,0,1,0,37
que significa soñar que te elevas en el aire,0,1,0,1
que significa soñar que trabajas en un hospital,0,1,0,63
que significa soñar que tu casa se inunda,0,1,0,39
que significa soñar que un perro te muerde,0,1,0,95
que significa soñar tu propia muerte,0,1,0,50
que significa soñar volar en el aire,0,1,0,51
que significado tiene el lobo,0,1,0,138
que signifie chien,0,1,0,22
que signifie fire,0,1,0,42
que signifie histoire,0,2,0,78.5
que signifie inondation,0,2,0,42
que signifie reve,0,1,0,44
que son los sueños recurrentes,0,1,0,76
que veut dire récurrent,0,1,0,20
quick dream,0,1,0,7
quick dreams,0,1,0,5
qué es lúcido,0,2,0,47.5
qué significa dog,0,1,0,97
qué significa persecución,0,3,0,32.66666666666667
qué significa puppy en español,0,1,0,92
qué significa soñar con lobos,0,2,0,38.5
qué significa soñar con un perro que te muerde,0,1,0,85
qué significa soñar con una puerta abierta,0,2,0,11
qué significa soñar que un perro me ataca,0,1,0,40
qué significa sueños lúcidos,0,2,0,28.5
qué significa volar,0,1,0,67
qué significa wolf,0,2,0,50
random dream,0,4,0,44.25
random dreams,0,2,0,95.5
reality checks for lucid dreaming examples,0,10,0,40.2
reccuring dreams,0,1,0,32
recordar los sueños,0,2,0,83
recordar sueños,0,2,0,48.5
registra sogni,0,1,0,46
rem cerebral,0,3,0,37.666666666666664
rem cerebro,0,3,0,37.666666666666664
rem sleep brain activity colorful dreams illustration,0,1,0,77
rem sleep brain activity dream vivid illustration,0,1,0,80
rem sleep brain activity vivid dreams illustration,0,3,0,98
rem sleep dreaming illustration brain activity,0,1,0,97
rem sleep vivid dream illustration,0,1,0,51
rem sleep vivid dreaming illustration,0,1,0,50
rem sleep vivid dreams brain activity illustration,0,1,0,92
rem sleep vivid dreams illustration,0,2,0,58.5
reve app,0,2,0,41.5
reve attaque chien,0,1,0,3
reve de l'eau,0,1,0,27
reve dents qui tombent illustration,0,3,0,50.333333333333336
reve dents qui tombent interpretation,0,2,0,62.5
reve image,0,1,0,14
reve nuit,0,2,0,80.5
reve orage signification,0,1,0,91
reve signification,0,1,0,142
rever app interface,0,1,0,83
rever d eau claire,0,1,0,14
rever d un chien agressif,0,1,0,4
rever d'eau,0,7,0,31.285714285714285
rever d'inondation,0,1,0,7
rever d'un chien qui m'attaque,0,2,0,6
rever de dent qui tombe,0,2,0,40
rever de dents qui tombent,0,1,0,76
rever de dents qui tombent signification,0,1,0,93
rever de porte,0,1,0,28
rever de se noyer,0,1,0,43
rever des dents qui tombent,0,1,0,38
rever d’inondation,0,1,0,5
reves d'eau,0,1,0,53
reves et interprétations,0,1,0,26
reves premonitoires explication,0,1,0,44
reves signification,0,2,0,39.5
reves signification et interpretation,0,4,0,29.25
rêve dents qui tombent,0,1,0,79
rêve dents qui tombent illustration,0,40,0,51.85
rêve lucide,0,3,0,97
ricorrente significato,0,6,0,34.333333333333336
ricorrenti significato,0,1,0,6
roman dream,0,1,0,87
room signification,0,1,0,124
rubbing hands lucid dream stabilization,0,2,0,28.5
récurrent signification,0,1,0,14
rêve,0,2,0,20.5
rêve canicule,0,3,0,18.666666666666668
rêve de chien agressif,0,1,0,2
rêve de l'eau signification,0,1,0,19
rêve image,0,1,0,52
rêve la pluie qui tombe signification,0,2,0,28.5
rêve lucide danger,0,1,0,29
rêve lucide signification,0,1,0,83
rêve signification,0,2,0,56
rêver d'eau dans la maison,0,3,0,9.333333333333334
rêver d'incendie,0,2,0,36
rêver d'incendie signification spirituelle,0,1,0,45
rêver d'inondation,0,1,0,6
rêver d'une dent qui tombe,0,1,0,46
rêver de dent qui tombe,0,1,0,34
rêver de l'eau,0,1,0,30
rêver de la mer signification,0,1,0,63
rêver de noyade,0,1,0,33
rêver de traverser un fleuve à pied,0,1,0,60
rêver de voler dans les airs signification spirituelle,0,1,0,32
rêver des dents qui tombent,0,1,0,35
rêver qu'il pleut,0,1,0,25
rêves récurrents,0,3,0,41.333333333333336
schlaf gut mein liebling,0,1,0,56
scienza dei sogni,0,1,0,38
sens des reves,0,1,0,101
ser perseguido,0,11,0,39.18181818181818
serpiente en sueño simbolismo,0,37,0,13.864864864864865
serpiente en sueños interpretación,0,4,0,38
serpiente en sueños significado,0,2,0,87.5
serpiente en sueños simbolismo,0,38,0,25.157894736842106
serpiente simbolismo,0,1,0,76
serpiente simbolismo sueño,0,6,0,30.333333333333332
serpiente simbolismo sueños,0,31,0,30
serpiente sueño simbolismo,0,2,0,12.5
serpientes en sueños simbolismo,0,5,0,30
shattered dreams,0,1,0,14
si lo sueñas lo creas frases,0,1,0,55
sich an träume erinnern,0,1,0,42
significado agua,0,1,0,89
significado de agua,0,1,0,96
significado de el agua,0,1,0,91
significado de perseguido,0,1,0,26
significado de soñar con lobos que te atacan,0,2,0,21
significado de soñar con un lobo,0,1,0,33
significado de soñar con una inundacion,0,1,0,60
significado de soñar con viboras,0,1,0,244
significado de soñar que no puedo cerrar una puerta,0,1,0,22
significado de soñar que se inunda tu casa,0,2,0,85
significado de volar,0,2,0,58.5
signification chien,0,1,0,96
signification de ap,0,2,0,98
signification de l'eau dans les rêves,0,1,0,8
signification de onirique,0,1,0,40
signification dent qui tombe,0,1,0,48
signification dent qui tombe reve,0,1,0,32
signification des reves,0,7,0,91.42857142857143
signification des rêves,0,3,0,52.333333333333336
signification et interprétation des rêves,0,1,0,48
signification reve se noyer,0,1,0,36
signification reve vol,0,1,0,14
signification rêve inondation maison,0,2,0,11
sinónimo de volar,0,2,0,56
sleep,0,1,0,38
sleep and dreams concept art,0,1,0,94
sleep journal bedside notebook,0,2,0,90.5
sleep journal notebook bedside,0,4,0,80.5
sleep routine night calm environment,0,1,0,88
sleep to forget sleep to remember,0,1,0,77
sleep to remember sleep to forget,0,1,0,68
sleeping person dream concept,0,1,0,80
sleeping person vivid dream illustration,0,2,0,55
small dog big dream meaning,0,2,0,37.5
soaring in the sky meaning,0,2,0,18
soaring through the sky meaning,0,2,0,15
sognare acqua che scorre in casa,0,1,0,9
sognare acqua pulita,0,1,0,37
sognare acqua significato,0,1,0,23
sognare acqua sporca in casa,0,1,0,27
sognare acqua torbida,0,1,0,16
sognare acqua torbida significato,0,1,0,14
sognare animale,0,1,0,25
sognare cane,0,1,0,7
sognare cane affettuoso,0,1,0,2
sognare cane che morde,0,1,0,6
sognare cane che morde ma non fa male,0,1,0,7
sognare cane che parla,0,1,0,5
sognare cane che ti morde,0,1,0,12
sognare cane morto,0,1,0,8
sognare cane nero,0,1,0,42
sognare cani,0,1,0,13
sognare cani aggressivi,0,1,0,8
sognare cani che mordono,0,1,0,7
sognare cani significato,0,3,0,7
sognare casa che prende fuoco,0,2,0,5
sognare che ti morde un cane,0,2,0,5
sognare che un cane ti morde,0,1,0,4
sognare che va via la luce,0,1,0,17
sognare di aprire una porta chiusa,0,1,0,19
sognare di spegnere il fuoco,0,1,0,10
sognare due cani,0,1,0,9
sognare fuoco che divampa,0,1,0,3
sognare fuoco significato,0,2,0,6
sognare i cani,0,1,0,10
sognare il cane morto,0,2,0,7
sognare il cane significato,0,1,0,5
sognare il fuoco in casa cosa significa,0,3,0,3
sognare incendi,0,1,0,3
sognare incendio vicino casa,0,1,0,7
sognare tanta acqua significato,0,1,0,34
sognare tante porte chiuse,0,1,0,29
sognare tanti cani significato,0,1,0,23
sognare un cane,0,4,0,8.25
sognare un cane che ti aggredisce,0,1,0,1
sognare un cane che ti morde,0,1,0,5
sognare un cane lupo significato,0,1,0,12
sognare un incendio,0,7,0,11.285714285714286
sognare un incendio in lontananza,0,1,0,5
sognare un incendio significato,0,1,0,14
sogni,0,5,0,27.6
sogni caldi,0,1,0,23
sogni di notte,0,2,0,13
sogni e desideri,0,1,0,54
sogni lucidi,0,2,0,104.5
sogni lucidi pericolosi,0,7,0,29.428571428571427
sogni lucido,0,1,0,67
sogni onirici,0,2,0,48
sogni profetici,0,1,0,36
sogni ricorrenti,0,4,0,51.25
sogni ricorrenti significato,0,2,0,18.5
sogni ricorrenti su una persona,0,2,0,47
sogni sfondi magici,0,1,0,13
sogni vividi,0,3,0,17.666666666666668
sogno,0,3,0,28.666666666666668
sogno di fuoco,0,26,0,28.923076923076923
sogno febbrile,0,2,0,79
sogno fuoco,0,1,0,9
sogno lucido cos'è,0,1,0,26
sogno ricorrente,0,2,0,54
someone in dream,0,1,0,1
sonno senza sogni,0,1,0,50
soñador lucido,0,2,0,40.5
soñar casa inundada,0,1,0,35
soñar con agua en la casa,0,1,0,53
soñar con agua entrando en casa,0,1,0,23
soñar con agua limpia y familia,0,1,0,49
soñar con aguas profundas,0,1,0,19
soñar con aguas profundas y claras,0,1,0,13
soñar con altura,0,1,0,34
soñar con angeles,0,1,0,2
soñar con cruzar un puente con tu pareja,0,1,0,22
soñar con cruzar un puente sobre un río,0,2,0,5
soñar con el mar en calma,0,1,0,87
soñar con hospital y enfermos,0,1,0,22
soñar con inundacion,0,2,0,34
soñar con inundacion de agua,0,1,0,33
soñar con inundacion que significa,0,1,0,81
soñar con inundaciones de agua,0,1,0,40
soñar con inundación en la calle,0,1,0,58
soñar con levitar en el aire,0,1,0,10
soñar con lobo,0,1,0,46
soñar con lobos,0,7,0,35.857142857142854
soñar con lobos que te atacan,0,1,0,20
soñar con manada de lobos,0,1,0,11
soñar con mucha agua inundacion,0,1,0,33
soñar con muchas puertas,0,3,0,6.333333333333333
soñar con perros que atacan,0,1,0,36
soñar con puente,0,1,0,13
soñar con puente roto,0,1,0,3
soñar con puente y agua,0,1,0,2
soñar con puertas,0,1,0,40
soñar con puertas de madera,0,1,0,47
soñar con un diluvio de agua,0,1,0,18
soñar con un funeral,0,1,0,44
soñar con un lobo que me mira,0,1,0,8
soñar con un perro cariñoso,0,2,0,7
soñar con un puente,0,2,0,18.5
soñar con un puente roto,0,2,0,3.5
soñar con una puerta,0,1,0,49
soñar con volar en el aire,0,1,0,54
soñar con volar en forma humana,0,3,0,6.666666666666667
soñar con volar y no caer,0,3,0,32.33333333333333
soñar cruzando un puente sobre un río,0,5,0,5.2
soñar estar volando,0,1,0,54
soñar inundacion,0,1,0,33
soñar levitando que significa,0,1,0,33
soñar nadar en agua limpia,0,1,0,46
soñar que cruzo un puente,0,1,0,8
soñar que estoy volando,0,1,0,47
soñar que estoy volando significado,0,1,0,42
soñar que hace mucho viento,0,2,0,43
soñar que me elevo en el aire,0,2,0,17
soñar que puedes levitar,0,1,0,22
soñar que se desborda un rio,0,1,0,23
soñar que se inunda tu casa,0,1,0,38
soñar que te elevas en el aire,0,1,0,1
soñar que te estás ahogando,0,1,0,32
soñar que vuelas,0,2,0,50
soñar que vuelas significado espiritual,0,1,0,37
soñar un puente,0,1,0,8
soñar volando en el aire,0,1,0,44
spinning in lucid dream stabilization,0,1,0,36
spinning in lucid dream stabilization technique,0,3,0,34.666666666666664
spiritual meaning of death dreams,0,1,0,72
stati onirici,0,1,0,27
subconscious dream symbolism,0,10,0,94.5
subconscious ocean symbolism,0,9,0,49.666666666666664
sueno de noche,0,1,0,17
suenos lucidos,0,3,0,83.33333333333333
sueño lúcido representación artística,0,1,0,82
sueño rem actividad cerebral,0,4,0,69.75
sueño rem cerebro,0,8,0,61.875
sueño de noche,0,1,0,28
sueño ia,0,1,0,10
sueño insoportable buenas noches de calor,0,10,0,46.3
sueño lucido,0,4,0,79
sueño lucido en ingles,0,2,0,18.5
sueño precognitivo,0,2,0,35
sueño premonitorio,0,3,0,43
sueño premonitorio que significa,0,1,0,42
sueño premonitorio significado,0,1,0,40
sueño psicologia,0,1,0,12
sueño realista,0,1,0,45
sueños,0,10,0,24
sueños con agua,0,1,0,58
sueños con tu ex,0,1,0,44
sueños de muerte,0,2,0,50.5
sueños de persecución,0,4,0,9.5
sueños del oceano,0,1,0,20
sueños en blanco y negro,0,1,0,38
sueños fantasticos,0,2,0,48.5
sueños intensos,0,1,0,22
sueños lividos,0,1,0,14
sueños lucidos,0,9,0,44.333333333333336
sueños lucidos cancion,0,1,0,75
sueños lucidos dibujo,0,1,0,98
sueños lucidos significado,0,2,0,43.5
sueños lucidos y paralisis del sueño,0,1,0,90
sueños lúcidos,0,3,0,62
sueños oniricos,0,1,0,82
sueños precognitivos,0,1,0,34
sueños predictivos,0,1,0,8
sueños premonitorios,0,6,0,70.83333333333333
sueños premonitorios de amor,0,2,0,61
sueños premonitorios ejemplos,0,1,0,54
sueños premonitorios es un don,0,1,0,45
sueños profeticos,0,3,0,28.666666666666668
sueños que anuncian muerte,0,1,0,37
sueños recurrentes,0,1,0,97
sueños reveladores,0,2,0,43
sueños y visiones,0,1,0,2
suicide photo,0,1,0,74
superpoderes increibles en los sueños lucidos,0,1,0,31
surreal lucid dream landscape,0,169,0,65.04733727810651
surreal teeth falling dream,0,1,0,47
symbol for dreams,0,2,0,36
symbol of dreams in life,0,1,0,85
symbolic dream,0,2,0,50
symbolic dream teeth loss,0,2,0,70.5
symbolic pregnancy dream art,0,12,0,2.5
symbolic pregnancy dream illustration,0,1,0,4
symbolic transformation dream art,0,5,0,33.8
symbolism of death in dreams,0,1,0,60
tabla de los sueños,0,1,0,94
tableaux sur le thème du rêve,0,1,0,33
taking control of your dreams,0,1,0,92
tecnica mild sogni lucidi,0,1,0,16
teeth cracking and falling out dream,0,1,0,87
teeth falling dream illustration anxiety,0,1,0,64
teeth falling dream symbolism,0,6,0,90.16666666666667
teeth falling out dream surreal,0,3,0,78
teeth falling out dream symbolism,0,10,0,89.5
temple dream symbolism,0,1,0,65
temple in dream,0,1,0,42
tener sueños,0,1,0,74
the sky is falling meaning,0,4,0,79.5
tipos de sueños y su significado,0,1,0,195
to dream when you are pregnant,0,1,0,97
tooth falling dream symbolic,0,5,0,83.6
tooth falling out dream symbolic,0,2,0,93.5
tooth falling out dream symbolism,0,2,0,93.5
tooth falling out symbolic image,0,1,0,100
traum analysieren,0,1,0,67
traum bedeutung,0,1,0,54
traum bilder,0,2,0,39
traum runterfallen,0,1,0,103
traum tagebuch,0,1,0,89
traum zähne ausfallen,0,2,0,91
traumdeutung fallen und aufwachen,0,1,0,14
traumdeutung zähne fallen aus ohne schmerzen,0,1,0,17
traumdeutung zähne verlieren ohne schmerzen,0,1,0,18
traumerinnerung,0,1,0,47
trauminkubation,0,1,0,18
traumtagebuch app,0,1,0,16
traumtagebuch schreiben,0,13,0,64.23076923076923
traumtagebuch vorlage,0,1,0,89
träume,0,1,0,320
träume aufzeichnen,0,1,0,38
träume die real wirken,0,1,0,15
träume und ihre bedeutung,0,2,0,38
träume vergessen,0,2,0,70
träume zukunft vorhersagen,0,1,0,85
tu visiti la terra signore e benedici i suoi germogli,0,1,0,22
un sueño que me hace volar,0,3,0,6.666666666666667
universo online sogni,0,1,0,30
uno studioso dei sogni,0,1,0,19
vivid dream,0,1,0,50
vivid dreams night illustration,0,1,0,100
vivid dreams night sleep,0,2,0,51.5
vivid dreams rem sleep illustration,0,1,0,55
vivid dreams sleep illustration,0,1,0,96
vivid dreams sleeping illustration,0,4,0,84.25
vivid dreams sleeping person illustration,0,1,0,54
volar en sueños,0,2,0,68.5
voler,0,1,0,70
voyage astral illustration,0,1,0,12
warum vergessen wir träume,0,2,0,47
wenn träume real wirken,0,2,0,15
what do pregnancy dreams mean when your not pregnant,0,4,0,36
what does flying high mean,0,1,0,64
what does it mean if someone dies in your dream,0,2,0,84.5
what does it mean to dream you are pregnant and in labor,0,1,0,99
what does it mean when i dream i can fly,0,1,0,44
what does it mean when you have a dream that you're pregnant,0,1,0,115
what is considered modern history,0,1,0,75
what is it called when dreams predict the future,0,1,0,50
what is ludity,0,2,0,13.5
what is meaning of dog,0,1,0,76
what is the meaning of dog in a dream,0,1,0,44
what is the meaning of dogs,0,1,0,90
what represents dreams,0,5,0,63
what should i dream about tonight,0,2,0,23
whats a lucid dream,0,2,0,75.5
when the heath dreams at night,0,5,0,20.8
why do i dream of flying,0,2,0,45.5
why do i forget dreams,0,1,0,74
why do i forget my dreams,0,1,0,49
why do i keep remembering,0,3,0,93
why do i keep remembering my dreams,0,2,0,18
why do we dream at night,0,1,0,73
why do we forget dreams?,0,2,0,94.5
why do we forget our dreams when we wake up,0,2,0,82
why do we instantly forget dreams,0,1,0,82
why we forget dreams,0,1,0,96
wie funktioniert träumen,0,1,0,94
wiederkehrende träume von einem ort,0,3,0,7.666666666666667
write dream,0,1,0,54
writing dream journal bedside,0,1,0,52
writing dream journal notebook bedside,0,4,0,49
writing dream journal notebook night,0,2,0,50.5
writing dreams after waking,0,17,0,84.47058823529412
writing dreams after waking up,0,26,0,87.26923076923077
writing dreams immediately after waking,0,154,0,71.7987012987013
yassin,0,1,0,63
your dream ai,0,4,0,89.75
yourdream ai,0,5,0,72
خلفيات ايفون 13,0,1,0,55
لوسیدریم,0,1,0,23
